{
    "loss": 8.102282524108887,
    "accuracy": 0.6115108132362366
}