{
    "loss": 9.766573905944824,
    "accuracy": 0.5179855823516846
}